ddpg,td3
-275.9956738371457,-183.80704134025552
-48.321821002756394,-286.4273578065515
-620.9550279698655,-40.411524106857044
-25.62948557758985,-121.02085119562847
-175.6617721924111,-407.64979558888984
-296.7503832131955,-148.41299140919836
-132.82910253551208,-237.36729120880514
-262.67400945672796,-46.526377318959376
-200.7584137417201,-87.25285216318193
-102.11531938154964,-430.0269734473374
-431.05581300469595,-341.29301438189407
-257.0224068460368,-184.45280284876617
-240.815877516056,-45.13224854140431
-236.37238486135465,-169.10512337088844
-177.8649360461969,-186.07413590689976
-19.691841619406787,-287.0439755396378
-135.15598883656978,-270.83399557887367
-290.63826702542684,-316.0917268757828
-271.98983881310835,-457.27334030343263
-201.77045176722547,-138.44073025212492
-283.720829392484,-207.16957466476566
-169.88225012319344,-95.79328075165617
-123.64620550312868,-64.25763952048246
-2.10363950627584,-31.123725694265218
-482.641585034837,-62.814940199684024
-134.9836221620978,-126.92704068195025
-184.50589390578,-168.92129323664693
-99.2995900448695,-29.374212458700825
-211.46582396900615,-83.02255315382178
-170.55622146187739,-437.91973111374637
-293.6225610143103,-292.3442592942212
-230.48033250401883,-513.6252206338004
-484.53979284271566,-388.09489163498364
-329.6045762539187,-349.83874979189443
-115.2240708414273,-70.82107526853899
-52.90161936825989,-107.27126966945819
-70.1408879403479,-286.3479307910202
-51.14553819208835,-130.54938810239867
-101.91781907156263,-190.7499102281094
-184.99817971708814,-190.11723670229898
-427.4336057626126,-369.32334920343754
-66.62264472852836,-34.79113896093186
-85.20777965205122,-87.87602530000191
-404.32967622754165,-91.37945737566226
-178.4177824584831,-87.80080418357555
-376.09488086365957,-87.29821281788747
-270.9609306920703,-490.47141358240503
-187.17741424631149,-60.11622122529987
-69.14323048653034,-256.9433268440473
-314.2846062505782,-348.0284127775162
-333.48529343913316,-331.5162538700538
-50.573273037650424,-80.26306778643433
-84.58004892466178,-245.7217617528589
-203.99188272340803,-54.92843791346559
-101.26743347396477,-36.33849523401595
-305.6415117457517,-114.40734117066219
-330.4538420490063,-113.84640234642299
-382.7200944234011,-113.60946504716964
-406.158561588214,-195.0244417818925
-21.41771773529166,-286.13727755380035
-104.14837616702259,-92.5951209384737
-230.76176266439572,-6.250824614491691
-74.83971904836848,-242.56423790471896
-175.0201807844678,-180.6595365683886
-295.78488799005606,-109.16350659435783
-289.38720332121835,-94.00198938553304
-230.79233598664047,-116.2211809877725
-88.01844806587783,-391.09964815156343
-82.67444019148897,-85.52471138057868
-351.362266628411,-126.79092588271367
-128.34072797401708,-162.94779765467206
-181.488122083549,-311.5862603961928
-147.7794185629789,-81.27522969493678
-156.69258769725147,-216.69437605100669
-419.92669234241777,-104.18075750477752
-191.53419383099956,-194.4720610219568
-108.75573147389336,-45.43311423934049
-143.35910467110597,-373.69479197618324
-135.51281731518165,-108.31157985198976
-299.82720088000985,-119.75130065497099
-57.05636385715106,-133.34022360784004
-329.5991318701414,-303.66050409158584
-87.72102202766891,-89.93446670871751
-290.14694506279665,-81.22407943762093
66.16645870454605,-51.61269101463905
-284.4744386186616,-160.87895697578887
-76.35438225942588,-201.15538615981606
-406.64158400507375,-69.05341171797426
-413.8164432685232,-344.5003218534838
-65.3722304892313,-260.1104309203464
-96.90017560978887,-158.72851460482946
-83.97422244434414,-316.781276360318
-44.361128389588,-117.62041265469065
-177.4181573645789,-228.09932903617485
-154.9465531239119,-457.93133104427557
-86.06909391992943,-240.52565436349562
-242.73963271595284,-732.555366009189
-345.0531199101461,-44.0261826753558
-321.1149266471138,-73.12291859231597
-233.02910954843983,-160.829718784206
-78.76900012787678,-162.94429598500415
-480.19033557506896,-105.69771869209696
-288.46827879789413,-98.44372011068266
-288.98305773356986,-139.03207534754935
-287.2422798516879,-168.8606375460225
-302.59954894513953,-267.8734453726802
-178.227408116952,-83.98768276025632
-425.71704563620796,-76.00775501149138
-35.94904211852477,-125.29379707646814
-275.3597805111657,-136.5923401107422
-45.78747255841998,-137.88136868692163
-188.20524589516583,-80.23350821408003
-138.38281209801607,-19.98169332016423
-454.9102527197098,108.0218657520717
-386.17866209532434,-215.73644416198388
-403.5982287790147,-49.44866878886848
-104.12807299869921,-34.92724926570531
-354.16656509876725,169.15594736979415
-251.308920338216,-201.81726406120606
-196.62435909795366,-132.52001154546141
-194.96479924658055,-35.45183169440107
-134.77177463653788,-192.2638928730865
-79.26584611518615,-98.31898928238
-56.365995965700996,-108.04331525823606
-339.67964299476296,-174.94652549630297
-313.77436923782915,-106.01860610740226
-73.28444734517534,-18.897828651536273
-270.0683690400076,-198.51848834882392
-54.28361634872217,-283.83821472412967
-353.28931229551216,-146.85690495812096
-72.94400836858455,-13.821196549168377
-80.73985672898692,-123.62403972283218
-90.39029817529364,-136.8926136445724
-250.1057390614484,-167.974304010646
-366.2720029022928,-180.40941878440543
-218.3509393243649,-50.05863868368195
-332.1827717415695,-109.3406582770404
-434.38033046384595,-65.91078973541218
-247.93196200875857,-130.76395424848522
-476.9669707559125,-58.13885479075905
-334.3014998740261,-169.53786906227452
-295.01157963373805,-69.59763906929192
-115.53386570431532,-115.15426331167424
-334.2382561323131,-73.15023881434648
-134.69246587296578,-22.56705527305157
-232.5923872969308,-40.80955833776514
-374.7694668365048,-76.68079456879059
-345.94188702647176,-95.80375456254833
-39.27082438905492,-48.688973110154365
-172.4388581851931,-89.461959318403
-52.91444896044898,-187.8947073156939
-91.2333112484472,-22.408274264613752
-169.56811389806185,-80.78237482862804
-235.2086553717183,-84.92853769771853
-376.566444196088,-105.237493695239
-326.815742440515,-36.8658493644564
-71.49750951383905,-46.5333952857477
-370.8829604669224,-21.61168429538307
-131.5499872817922,-66.22829008491475
-290.80882651780587,-59.8713787300288
-109.39425560630238,-56.057388958223896
-339.36379763758407,-51.229488064486745
-126.47041135507126,-66.33410453790783
-394.6224318005309,-60.09491155073177
-296.73772563265743,-64.24546661314598
-113.73985646451432,-91.86522367837561
-65.14865721502869,-83.40355756942753
-282.1130376156576,-68.39878172504075
-87.62166847114376,-102.84766020098881
-163.53262836140712,-88.54653668833322
-138.60583402532737,-72.58282891714771
-240.5183083200453,-37.75582373272596
-386.0713072857106,-82.2612806980913
-122.77969749758566,-57.21509877365724
-544.4728106352161,-135.27405841195713
-319.44393120541514,-117.1890474508604
-113.96375812552307,-77.75893042039624
-161.22222950831159,-53.209526406117924
-167.3271607281136,-104.23580746251184
-296.86158852589256,-87.59050935850095
-367.96618559357523,-23.743430953730996
-95.73142031870528,-57.10095622697472
-58.36800635363979,-23.95854910109639
-352.28048756936926,-63.54626712368204
-422.49637183600447,-72.01629375342296
-543.8632168008234,-42.689291383917066
-1271.4235678983155,-71.74394617408919
-350.9005088850482,-43.81935654985156
-47.10922718973852,-89.09520042889172
-62.23339180748943,-28.685470394993875
-0.9563044920836888,-63.83262662344115
-9.701534766723213,-55.125875596287
7.034761268023673,-40.956929955065355
100.48428031256776,-47.876424447690304
66.16377196492135,-70.67327525326687
31.52442652006113,-21.016204052742456
-241.4438134259385,-46.78478121944459
-88.43068268748516,-78.75637391037378
-83.98812196240848,-65.93139876643333
-18.586509477437453,-29.010692175781134
-91.9127908786048,-43.43347635425626
-74.69550311410444,-5.496877632538032
-299.4352955530509,-76.33924421242052
-75.47016464480346,-38.251590260481635
-158.62507755694352,-24.732274857256304
-12.370743617820379,-18.0770853652707
-78.77507446031574,-94.91011164061234
39.674131783426105,-53.401425453362286
-104.76503501663177,-37.38269863307925
-241.2644316106972,120.39419731230448
-143.77457946193366,-56.82849180758264
0.7519359597772639,-201.08552966730122
-87.61417812567183,-66.75916156354188
31.58396138655293,8.276458729422789
80.34066241428627,-14.82152766300523
-27.206162044816228,-5.462270279545331
44.47779206611627,-11.07011849734146
16.893217352749783,-76.20888430618089
51.6578092318428,-66.4003656994247
-3.95916981317456,-50.95498177084709
-28.160494799225606,-18.23510759308017
-113.6275463418944,-7.813194270224474
60.885021073603774,-17.388852653534272
61.28977430831852,-70.93213461626098
116.54272105849077,-32.74662289799511
-353.5362861865325,-64.57371995940807
42.164828157820395,-4.693807534648767
47.77314198170964,-59.51731321079783
-37.534474764134075,-47.466189023670495
61.477240386848976,-48.72233318247459
88.504206897109,-61.452737922683255
83.83355421149284,-77.89540726056482
-32.66547041809832,7.178509639732686
126.33082669307143,-40.42886606503907
-50.366377721550855,-27.783641112050315
125.36165009791227,-24.744514077131672
135.65277034139731,-50.01287422519151
42.90499064502209,-54.69203154734069
25.282670249477267,-36.067986751544105
118.48782667437978,-23.643275465618657
-2.3004904218692617,-19.803837637149293
69.54457026679705,-18.819941564674007
110.89299315131859,-0.038774177949812305
-72.8654411828758,-3.9760378246092474
20.919265466571588,-57.67277212552127
-21.602336514380198,-16.202824962901907
127.2152579268616,-30.344958601097144
119.8957223201376,19.872801273355613
-382.83874076566406,-25.05430351598094
83.06396036860512,89.69723747931417
89.06215207272369,235.73511087627736
124.57561078526844,237.59271004753887
-201.37300253338435,16.567287859392234
-25.507130912447877,-31.583501392422217
-130.5037652138578,24.519997853487617
-120.14542338648184,-38.103948346334924
-247.49451079354216,120.50263423783065
-148.7083735733601,-54.751219512576505
-186.2272147361395,218.35342693890007
-276.5513293731192,233.26962789641462
-373.09290659059934,-48.811742551595415
-196.76261634660787,232.9841481766186
2.5763572100344163,205.18437829487038
53.68728603569423,232.1309961317074
-211.34290141153403,51.57775960231031
-113.52404695776072,131.5366944116073
-194.18247878251145,137.2375809277297
-87.67654650185473,71.73650493159273
-123.79385592913715,152.52126720956252
22.331484506805683,194.15641384757495
-91.14963648607781,161.81284305079518
-231.69858301138257,251.3719979502134
-195.61118034808484,204.8867499552083
-0.9077013689218674,3.403650389971009
-189.14868519721406,-50.46403321243514
-43.864730421805156,-47.254403484651874
-35.98402461472981,-6.142374767118664
-54.80428430104039,-67.30667552604473
-75.42956593115902,-52.65850928396155
-130.04099944875531,209.2112354743012
59.56688988817022,-45.89627772268453
-85.15370964395419,169.0737875844092
-41.63936633820712,232.67479923863314
-129.27682540701542,76.79938193815616
-63.9431913506615,226.88171680357698
81.61995598005345,-78.8503964788553
-9.362553436805982,232.82158588646345
-172.028246032736,-26.689570293331375
-50.42550018048167,214.09502019850584
-173.15195616613494,240.81719764185814
114.48934011048927,268.37588705697516
42.82161468420959,-53.25486978639127
130.43931179641513,-48.024095161094216
-47.54419313384727,-36.63534601861452
-230.74233529380348,244.83768640672787
-87.06325381646927,-19.23484273735167
0.5220638323654414,241.3985065973502
-4.255005066558054,138.55088856552823
-22.5248796066392,-60.08809570837249
11.102522666079011,-16.071000908698057
-58.5648638393825,245.9497528807422
182.77860451466117,235.09052729264
-31.115944523656488,235.33613561217075
-54.76692829099478,210.73629544302474
-24.424251538900805,-43.60817403518619
9.979387620693656,-66.93167465919451
228.25761917273772,224.1800733609595
228.00668390336827,-16.40464540655355
5.9117828996693875,223.89452802850198
172.83223912483672,148.69579747461577
150.89495921527282,228.13996097867775
108.42928019532863,32.27815467674455
242.15382891053014,177.15608491631278
132.86149870225128,-47.22822793995867
140.68536694309762,179.229843324508
94.4494712554308,-97.08463962502196
78.83282695071355,238.07926883352496
138.85318975204427,-10.396136289643968
140.41215266017778,219.79877860653795
135.98270610202658,-29.80248935653345
128.41107296235322,1.913894412289162
149.24806759527232,236.19265918286618
-95.23772787307779,206.584197441282
153.5773067015043,199.08126343068713
-46.02988211968377,-7.323522325494153
89.49936677972855,-5.29189746464937
39.69493565441196,154.77192418270408
77.071371037712,226.74152915528103
-93.21052904733149,-28.4009589735779
265.82153344736236,195.92354307502475
245.24036763679385,-86.41277261700856
-43.75535889613928,-241.2403870461082
-87.50353562725519,116.18869801644499
-13.512181314135832,194.19429854779435
107.66609375436406,240.6762059961574
-13.995502058085222,186.39657458417332
248.0217786235109,259.03665435088845
-40.560553507270704,-9.493002947499999
238.33882295119682,233.8159588574712
-36.006875577855745,-24.846973738816363
107.43466926892036,-68.92392631136543
248.93871416793843,-37.141915699858636
-96.7551522231305,239.2115752449261
97.06643854997992,164.31445593237015
157.412365783534,-69.29396801620294
289.10027267302326,-77.90689408428494
-224.26345658019588,188.7005146881105
205.70554527818132,219.85433219507496
-35.196248663159345,-47.86636096016182
122.60382997480093,167.75552122686335
204.97394789184918,-72.0734056412446
139.71387639044116,105.82107767451949
241.19376530832713,-14.335916070447984
151.91472672294182,225.99046020548977
180.35921863699437,-15.520774046444117
98.92193800524113,-17.554244865611665
-34.65626049729018,230.9375868382843
178.5837339183366,242.97745339868663
75.74794718768501,257.1331644797707
274.067094812268,250.46813088594604
197.3713242003836,217.47533265309346
280.862302560101,-118.67670291736165
222.11750424092645,194.72840023506132
270.6775497913977,227.7213185256328
75.00503731332546,240.746008421811
126.01849943560732,233.45571826402454
-52.81216468545328,258.11230281407285
249.36294157161203,245.3805601178282
253.03400474884128,-115.20585415294414
141.9141260368693,189.02154176323182
272.2194082512146,270.5061911175966
258.7250269035567,-71.79159538465629
87.08906937363442,-152.84433119718074
-16.774053236047354,236.19248435198136
242.7826440455732,218.36448510603134
-8.584866084734267,279.6341105638573
275.35726031662165,234.98143306736867
130.27760340223617,287.9492494786213
238.39659564576002,78.73131926415809
230.97224233392475,64.05075890906204
253.98068257861738,-159.16347961061882
30.315179605069996,-29.49311343368374
281.7974880562199,242.3185051279125
206.4946726045716,247.40839019170164
235.4488090975853,234.73751959548966
239.20269681960727,259.5879461158304
296.7310125734009,252.3446605603479
236.56097714759662,255.3917710491068
280.3635609649146,243.68510317909778
151.379362086351,229.9294697757807
152.10691673601298,244.9945191876121
139.90220503447676,-20.758770142222104
298.93544803777087,-33.807613986427796
249.427600445059,256.596368859755
246.9122005026153,-27.802526560735288
8.440069093852912,234.26767199661904
265.7218404802993,-4.823203443054383
281.81849475540747,259.90597145033735
306.51459075645124,196.94981832510473
116.25932975544997,-51.61508113168096
295.0138894805852,243.26634077734522
228.4843309627063,211.05522745647048
269.83321885403416,-9.028446563255741
211.7972915019484,134.7553223405889
246.05787507089292,-51.380600633351314
222.28628106642572,196.1458072407039
215.2604959551915,240.13960090490474
204.48993264008408,254.90897135779935
-101.20870897247823,251.13302460950567
245.57034447479663,265.59513968363876
253.0039050930283,158.8955873896686
242.71294558796515,233.54799595626386
224.28815843857083,249.8873563122956
255.11152007750556,254.00762142895002
243.60327566080844,292.998065532183
-56.69980247333204,17.327027119373085
261.12095152262964,-29.251843502341494
260.60097433413443,24.9814666229845
223.53272495069652,247.55393441289382
246.21323152549925,65.91764488517211
283.7378368630333,-168.18777851013772
144.42506119398996,260.5259738576364
247.30691225366328,-160.47881436546388
276.50176608682904,14.287170790382248
218.783037827727,-64.14721247589566
238.20393790457638,-34.163175871670845
250.62895781050918,-30.150224002330603
39.43710288579686,-55.18325963446628
311.34882923306213,33.75825607454445
232.10241315475776,14.3623014345239
269.9549864737935,251.10323551936446
128.24606440530047,11.854490287721646
243.83189252125086,-138.26138809751774
201.6013119436158,-16.120735037127687
232.11377441334287,33.503445876376986
-106.34145011657488,12.012038771093927
218.41189018994217,-27.20011081495194
311.64409172671003,3.7663057834585367
185.1986959558596,20.297012059820915
-102.09212824919355,-13.39918282833628
242.77566742542385,254.40584797622657
290.91722352215197,22.231388057444576
89.11369219352537,21.580294132616103
120.7466959623761,24.234518086971192
115.91439395412935,18.426534977882923
293.65814211089383,-50.8661861858555
279.36897604529116,-18.522289900933984
292.7739193176656,46.07616601672257
267.8922617092622,-3.1910518821576233
264.32685658277416,226.56092701643507
270.57604546285575,244.2820443394463
-68.5553464078591,252.3691769582582
297.95003898295863,248.85730650072446
258.4387557171263,217.1359945083576
3.4936745943200407,195.96922295238474
-198.76503002356048,210.85790180528818
-275.9113948035789,258.7000248434188
-103.99555298778832,-25.414079077602587
178.50721763293018,11.800434110424677
-51.271411426974566,-15.38768747568579
-2.7551976335144435,-103.96142101870177
18.8425050718038,251.5392305081086
2.9194700083317877,246.00518960268414
-101.14911988627213,232.73927892319998
-33.766827094492065,272.33769222230444
-100.3878313320068,246.86300873084195
-70.07974224949079,-120.74904980115602
29.216597035185966,-101.40128866746127
-82.20940372718408,226.74219204952843
-101.54856569306463,239.5802335935281
-32.515627983106704,269.4004297825604
-78.32518469133545,-4.0099134140925425
-51.31530233197903,256.93992345353155
-94.7747518553908,266.45505028980466
152.339218585793,179.55560749991167
234.91703908551384,-57.69905520971651
203.2925199805582,251.8943004747327
129.85877158296773,173.93553156109368
118.078127374795,233.4023580566054
81.09822527545961,273.2442169406474
24.928192304256314,259.73459256271826
148.14732044914575,195.6550601503722
157.6817255381321,259.38075297280034
92.16351565645456,268.0007454027881
257.8641981601349,207.49172995386974
275.78650685464584,240.5309934193661
108.47759855954513,240.05944871429978
-29.642199395014128,225.86841541517697
263.7249347986714,250.25240984033888
260.09623655009375,199.4168911369274
121.1978368269648,190.34959964299526
295.5841628589501,225.61461227823284
270.2368864487971,-74.19465534707675
221.05730617170715,-39.33694271585382
262.03156839172345,236.67740964545195
-57.4014165406259,199.764617453753
234.697213010612,257.4852256802508
202.6355572189283,269.45208703236955
250.11511904820927,221.26907330223568
259.18748052302215,254.75085238453778
276.7527880085106,266.7561583437401
208.83638230679318,208.1418215287904
220.17451878846455,285.7377302971162
234.80984574258056,261.87004769761546
276.3418874333367,291.398661378171
267.4015106794594,261.29458606436594
219.00871137826118,283.83966146136146
244.59933461180918,-11.742379942751596
226.82552690714218,173.4246437635102
257.711860526223,232.3661070736239
-128.27608302833875,256.21781301847756
80.38434025770938,262.2738074444069
236.04630156897144,269.4442176805246
239.7940951715907,245.45314321412317
142.00706387459127,10.209982214388033
293.8916078180166,-2.3324198358740977
249.4783803656729,-95.07677630566802
-43.26402287120741,-32.52171090642051
268.3820056300937,243.06261664715296
228.70494803413482,249.854726844151
213.21722893522616,169.89971039313673
2.938562073682931,200.90662214261732
19.58721668278091,-47.072824701035614
-30.084432647303306,102.32737218836692
189.85373544431312,217.77479901685678
93.18361522853426,222.87155381362106
-121.39414730972645,-35.85087779186376
-130.60822744428899,-41.913252763354116
241.92135782748053,-11.759906947060207
231.66666762111947,254.11448777469823
-73.7387723726435,205.23747340152346
-73.25773438733663,221.2491884847429
-58.381802925762436,246.51922233899612
233.70642911096974,54.80495684399676
219.80276658169208,263.4924779200778
254.23006393284984,-38.87994909801671
297.3205978547104,287.90461288670707
270.8370744785768,211.97056473013873
230.8410670916701,253.53462933748824
268.7462341653593,257.5949633083864
269.85042810476773,238.33919949159224
234.84317607292718,74.19609446127818
211.16421638512767,278.1423796655421
236.3700953084706,262.6816253210536
214.37774655857586,263.66164698343744
218.52901140946426,260.57106055127656
267.90229124113085,257.63946186552533
268.7528679462138,-10.834539651265828
258.52218226224966,208.1464599259651
223.1362555894181,251.07998159130284
165.84228816858626,241.23381817990213
245.092738579126,225.00385718034335
267.2116181876828,225.81307726487148
269.9571831633582,264.58878765325227
289.2722739562298,222.08465758964297
251.46736426895734,188.2049984961861
-31.65263965597497,237.95946448160774
171.22052972292778,236.9357087130201
299.35476989199555,226.42979671403378
270.2601361596278,278.2549422226391
257.5775163903527,272.24470894907165
231.18918171761155,94.4348251199909
248.52797672131757,277.9163654712379
177.1380329767304,220.62870709175797
209.6548996409248,252.29927740152286
228.7965779207311,226.11845083948904
173.32307611704854,216.37967437442757
227.24017681524072,218.5888941620441
286.2776100188555,235.59314007571317
249.332135295129,223.9779444456584
252.70506043720607,270.2025252570836
263.9188550780865,186.66715750131362
231.26755488270888,196.52645233205953
236.36561128143853,262.8297930987193
253.9072990779,224.46523032697775
278.2001787039103,200.73270164800363
224.84558144660497,254.46005165675896
244.89424488837173,236.66115410485105
238.00025632789792,220.11310588184244
264.7498052766926,153.32244414124003
261.4147348769104,204.86135243629315
265.22667311228327,245.1638540829384
248.10435068049082,298.6398149725909
271.5197414527355,262.92224748778006
223.1957209403598,250.25390472600785
252.9600926356477,262.0029124266566
230.36106210947128,229.85991868961298
300.653752449999,249.0494678764021
290.2301169902298,255.43828374408818
239.1905198321814,189.4510790714878
291.1410777670918,210.55850544490772
290.9588845950032,232.61297456717506
296.77531883342186,288.895519188085
280.4577849681916,291.04550407611663
273.7746342815654,213.11937547489816
262.0212735861976,235.6722953025433
291.03341826278665,249.21151465995385
256.6630414457678,244.8140094767182
267.6993170455181,262.2401843431621
250.73294815560348,221.5017223665398
262.68370281424063,233.62394956997744
278.91591491648535,141.6242168000571
162.4962098143074,273.89564776735756
136.80244699674938,217.7098288360659
228.6238375118715,250.83304880186134
257.6847379066752,243.53276906962
233.68181663167684,221.50867643284386
294.65708089059945,282.6092976161344
236.7845859240943,262.3431310651727
311.3975031876671,239.45383828637478
203.54314620007256,265.2157244781883
129.8616186123654,237.53119539165274
229.4888805574823,258.249473810797
241.7983376751469,204.07130336794484
278.39958609343705,122.69523388211394
271.2671851623234,286.88656288029506
250.12023062843377,257.58181233609184
260.2421165662128,261.1166411243047
242.53198228011559,251.7946292204017
261.7127003587904,178.02018105330984
248.18036033981804,265.15885865006675
291.7228205699759,260.77937406081435
121.05333032085855,219.84232771724467
258.37814096030115,290.59092179075844
226.969466426183,248.01617675725814
272.2578334268263,237.67528992359456
280.95805350106843,217.68797790084236
289.96685533919333,134.23440143833162
300.7182347139673,229.03163543960932
296.73597623816397,268.2533094370758
218.46805785831376,272.66747957195366
272.22207342555413,215.13597333350117
289.20581631380105,302.57803491265497
258.5161743700126,191.5809860031476
270.4071716530834,226.7189866547596
256.51362024541163,246.51836083387195
219.93988186465668,265.0297584316031
265.91671815534613,-30.43745073749831
234.1337064491318,257.0174151313896
278.4642835026513,278.2715514855863
254.29286142302777,230.72839551012555
278.6557504593811,263.16266248669353
301.1691073829108,230.75267768172813
269.61488997328456,249.15959094516865
297.00999777204066,240.55468063931406
276.96636022182753,266.9696427603726
293.02272948259576,236.09914710772898
248.7102380040059,275.73022468237497
258.80210658705187,233.0323779283758
268.36960459542604,295.3192889928412
279.3053209506987,263.523999354358
246.72956207112662,256.12896921554386
269.89337173591497,231.10437519363728
236.88813023485284,240.7404720261426
288.62766270298613,235.89682193814875
279.7792487138684,223.23291545244507
250.854583408596,259.7998375976798
294.4515604087516,237.6673822888951
244.1315255360577,263.7974423764798
272.91769288277595,277.09758167345103
262.9422636015905,238.4084393704191
258.77289211843566,220.93508640120035
276.17415301870585,224.40598531490997
257.6191756852356,208.79157420621988
272.22690772203117,214.46918465546878
268.89067784644084,182.50588148129907
273.2151916235086,209.98209211093928
251.1394999093863,234.30105717384265
258.89842221461714,262.5571210011933
231.67525510637358,277.59487099393704
270.0826767271159,240.76673330428687
276.6629530198728,266.1396093081881
266.1107706224092,241.23739894774732
275.4613605611938,258.288055608493
274.9210156702748,228.83373706377247
285.98552900582365,220.10060111136286
276.44211554413715,260.72499075314937
283.4925311197228,258.2964706648967
238.57419770454288,259.13624724931026
260.6642448013047,261.9363607908914
299.58074930055767,268.8780524085004
281.95029092312967,241.20409983845076
244.08440717212937,290.27884007487836
306.17745042472774,222.88588902626515
294.52401479236437,258.2909144023521
150.30332536225544,245.2870873772461
261.46517891028196,271.8717532392334
277.1239382037444,285.8982716615208
251.6173854131505,239.0044894675716
257.7845511624984,-12.19267470408626
299.95680532750913,274.23148054725925
284.16361724490827,279.4077632808478
264.47156051646016,252.27336551625086
236.26296733736115,271.8637809507003
273.4312276996729,248.0132199242723
124.81150203794216,241.6618760929393
274.42745645856246,-51.78094339448303
273.50962188784837,257.64605913887533
233.39913604784644,255.7419291511012
256.72283390807564,269.0676547708855
285.4059933419827,239.05807147837297
294.4245607715438,229.89518409602968
254.34717719783046,222.50810572227923
279.8974950256252,254.06161972945992
253.01093553567108,266.11356556055455
253.5837131107198,235.74524180312073
278.78378192677803,147.3719986672655
234.9041108814885,273.0629268863705
202.299423449429,219.514016784458
305.4526283120507,235.37331655969157
280.17663164937926,261.5772775425896
-151.60139009723582,276.1089815011513
275.6566560048693,279.7481493663565
229.83785084367744,265.25419874471186
312.57701273373664,245.64334690111147
251.14429902385143,225.13081741580834
265.12048664622813,249.63259668298056
280.11071969795216,203.23652880476035
276.4647803671149,233.21370100215125
288.73385682192406,254.6248341064153
259.6655502009803,219.70850991003866
262.4953588585199,234.5375166421841
258.393979407674,261.87349476350687
261.11163068854864,127.27439045995425
237.7620724594157,227.33622735028774
272.345827631901,198.50220042449536
265.42860062962916,242.4665178602397
228.8852550227496,248.59913405960796
266.03327636962445,259.2076097622519
227.7395689771959,238.06986897628195
266.73315328507704,260.02925078928894
263.70462836165484,238.95322191749818
287.11178276381287,290.4379976917023
292.7295715291872,275.0237527194723
243.3351241865964,253.025275929238
266.704015498908,247.00242536607772
293.5526203035704,252.3345133142415
271.9741394895485,256.0391213093517
269.031929859027,245.7346818849286
16.403300723263868,208.8885744781331
290.0090096290849,248.29171583631637
277.0110241110687,267.25836549898514
251.27126573557405,256.93611840028404
267.68620374318016,134.94563855470173
277.3328696520617,244.8690097344924
238.3408493311916,222.51504892952556
250.86587034675918,251.7218237859557
289.54618225332086,264.4077008477436
283.20881724958736,240.37789126752895
268.6348475224106,308.28157117606764
260.13667651582017,206.51000892189504
309.32527325530145,271.57282582902747
266.2697353191104,268.74747725257293
253.92305069088496,252.1277071562163
266.61166651152956,279.0668512482707
261.61624718873503,182.62807469819063
268.27122637285555,256.66405368879145
254.55961014279686,237.3896719530412
282.9538719475466,291.5710495810067
230.11230666665952,246.33859112942744
253.44057339477038,278.9313449309492
245.57129234523282,232.20804154179672
237.48795215130627,255.12450947415442
239.48623678960686,236.7834695145767
289.86789274348104,257.37956567985145
281.6993266180908,234.94345507871776
235.02751254576978,240.96839822471338
275.40621564814444,234.22653922624232
241.7770763686147,256.7574504099148
254.5925625566706,242.19256879806392
247.64822985015687,289.1688784913205
220.56721943117265,258.7783858289986
284.7186491223631,260.1172718251803
245.2910625216897,236.02751044949463
266.18953120901114,287.49087616986833
137.5591340192783,222.5062975054488
237.3687006655515,231.6000345507249
267.3833140989072,239.97093895578269
274.8333999137837,270.3562489285496
137.422832347547,248.22927374469478
246.78265078007718,236.11009387034676
283.53627622853395,256.17534820524554
172.99611304074813,221.36800626119776
123.20490500316488,234.64748766225216
278.69665659813097,244.86642179828726
254.81825894493463,264.43912104896833
276.2245644023742,239.68215836038246
301.9508737252543,-8.867165310860798
294.9429745079003,269.97864601068443
304.1382583040666,257.62901919170434
283.4592324216889,258.21030607942953
237.48389247208542,238.7769250003174
300.58046873942845,244.3335307170018
257.9187430904001,22.040574201478137
296.00423011807743,221.78295235727535
249.89813105506317,-20.976726974329857
281.913373407215,248.20352896633665
249.6545918073769,284.30711964402155
265.44264774059934,260.936115977128
224.0314316070509,247.31292899333314
253.9160002637116,256.1806870234104
256.82526419833414,240.6330133873064
240.2747218820304,258.65629726365603
263.32347377865847,257.91149859783684
268.1658674997593,239.73267671032755
287.24439807304765,97.82729143890363
2.265865013168309,258.65129665892493
243.20578538099502,260.736521566228
265.83301969914504,225.1910657902252
278.7309655660017,234.68528243682093
227.08920885049724,272.40145665974967
234.46814603500863,254.0038470018715
264.4144444416694,264.22354642683973
232.2100690025364,270.33591467595215
284.43142161921844,247.69545192685732
273.4796744562684,269.64168138022274
268.73382242066543,253.79567206267174
243.4914221632197,247.17874961837302
236.8702596606383,153.73150716767873
314.67753215200395,273.61602803748224
268.6855231036116,248.1564369492009
280.59052222383684,287.5294381451112
273.3835755771206,263.23690487138407
248.9118978700653,274.23680783344315
234.2829472323777,278.9968356680498
272.37632281219857,280.9679365572776
274.45037084515525,242.0629936656762
233.37340303096505,270.8074369808316
268.7284488783484,219.6565822043762
271.60277684637606,238.8632307053789
243.4992101859397,275.67962901523276
251.76368498196803,245.04434204807328
283.9844579950445,281.5804649281735
296.96351120251137,243.293490189418
283.88892083635176,271.5695199739251
317.2281886303864,264.04231724883687
246.39862626336566,264.1478866116195
258.6843271030656,275.866478102109
210.40974929542583,242.68188763692507
300.57218641855525,274.24928083379234
283.25223797238414,260.08153363350175
282.04524211249407,283.5618457757588
266.44051908990207,155.5192534499693
279.9138675124607,305.4518125682905
243.87056856380508,229.5492515058725
253.8907270267984,273.9995569837669
220.43526226086868,246.98491287637896
301.18031703034853,221.95333616169768
256.50970327996527,280.7639168696195
282.48452983656983,277.90887836109204
257.58631886116575,260.879794166269
275.9222539305412,266.94399462085414
277.08949383812325,242.6329494523819
-23.73125746282652,249.5334029225086
271.36965288022265,275.1212115826062
250.4853772793132,272.4588368072745
245.0056974547202,291.27051787440314
241.03942104211566,274.5734119657483
247.03293380602727,304.2728116602021
236.86631219637738,217.39996108168674
264.9952004098559,185.30406989002577
280.36782764246516,274.90992177221267
280.33647396362306,293.81720557029075
300.8805362387532,15.382240788940692
290.71884231193775,240.7839693413911
240.52352316379813,251.99855295499003
195.0345171119903,263.83666553240846
291.6277133467425,268.9318380868415
247.01498469567107,262.81730435090026
272.20235732387556,235.68246011061254
273.41685780031446,283.60287064341946
285.72236245300564,251.2655932659405
279.16706828841734,267.60508170442586
211.9029829661406,218.73010690769394
290.08757007184084,240.2590236398104
257.12176865112576,221.83238123350839
241.8676290331896,245.41840760050326
262.94413813223724,246.44397082730924
287.673196453556,270.5881293196315
62.275013152718685,275.7041884587124
246.77536006471047,270.941618779314
249.8752283080217,219.30597082602438
250.8636261843576,196.1005608316471
268.3292631448268,207.52522496789112
284.81355511960487,261.0917435080371
248.81679104530087,245.98435994301735
311.8047671651234,270.09337762375776
272.9178045895394,276.1912326835276
254.46008219245255,271.42189838580447
208.12066598152612,250.46945195684881
278.95053962720107,274.9577569365045
229.84544665945597,264.6544736515338
243.52942856241157,263.9322788057945
252.60553147616764,276.0631332226247
247.43474361698154,265.9402938055039
253.48223583525208,278.032413402222
278.2536746150866,252.18707497935904
274.36970665290437,229.78551977958182
242.2462491502391,292.4176437527335
270.55982477416217,271.25608140717975
233.456027951766,282.6194941058402
256.2544109436068,267.50429029450856
288.7336089845085,284.4193223926974
246.74589061452536,235.10845093177497
287.91192560023734,249.7205268466746
265.4732818668992,268.0337435404866
251.66313354846,289.83368201399287
262.1612868037689,216.08635791051142
261.86519287449,278.14636764501284
242.95970526754897,246.33675304239492
254.30251696035327,267.7015146096385
280.18151186756006,224.55926311453374
234.10224316412732,287.20470404967944
273.2766146564502,271.6806498953557
233.2941599362024,240.45106976734104
235.26140844666543,289.2861460701929
244.30900092207008,305.7375708995547
170.72141804422355,251.9899561012609
236.4817767018501,246.84747167507734
264.72408891820544,266.01211433002095
298.16314813819514,249.28107917184232
272.5049234825766,215.13760284364514
275.82376499355445,254.97349455525585
263.21556781930593,228.28111520024623
297.2502226866935,286.0316199324718
308.8123176972911,305.7407021392853
258.50007027917513,262.13454006475166
208.59329180310132,277.6569946498579
269.28066463349376,265.2069319153458
247.90074527491558,262.8440830701891
271.8572826639649,296.8809852405569
246.42913004868268,272.48080049289587
274.2272700125983,258.6178472241987
244.24462249969883,282.89548909170514
284.7982981652401,265.20623290602606
251.1755976429948,217.5163772196507
273.56344802924997,261.55864494990965
272.65238820511627,257.34933690960963
280.31849971764683,260.6140403146038
256.67231795701167,138.8887078741165
246.05879907244446,276.86043827861
274.19539178795776,282.27874856579535
256.6182055474727,258.1728103564858
262.76635344733637,270.4048169770116
279.1852197405263,258.4546007067238
247.57143951892394,279.4919412934412
284.4805543571728,260.8179823090205
273.4273387733058,255.77854732186552
264.71611386604593,206.5454188207383
262.1002777403592,175.73226099004972
284.18380898659717,276.19273139035363
298.71343699338365,276.5646248322362
253.14924676866642,272.4927060585921
258.0600063206354,140.8422810790775
258.9035416624233,298.21681733276216
288.3181831748685,295.42526104596004
304.807368879372,250.8115248870949
281.7127503853784,264.97764031517096
267.02852351325737,262.51010955943207
285.9981111492781,251.67784175721542
250.7724843055996,115.82144964839107
235.25114456597572,258.73166366102214
258.4996222190726,206.83069761753785
266.36484981869063,74.60565537931427
261.56070474427287,232.78480300838564
270.4287181277993,279.86325978164547
270.8557447676721,273.7192396496719
292.1790739294713,225.8121891291407
299.4927617393952,248.6419696021523
282.6751811837769,245.70043331500983
258.9852693888201,238.51934048293364
284.440018046763,249.76777827703393
258.297339718168,277.64927763842786
278.52396160549443,125.50797247069549
310.3950231581033,254.34023649193264
266.6813001533102,150.40759620305477
262.58939562502655,261.6014997632917
279.6720303928254,265.9133943549201
275.07328427299046,296.0694118308146
283.15092898364367,243.77575614162117
245.5677381839974,213.26726938736948
251.8161345693371,249.6617244235858
243.17343711975613,263.68627365149166
281.46146884567554,270.380488750061
283.4810824038948,269.35760270201246
249.37385780425626,-40.7570495950055
228.81148289864385,258.3913264721773
285.7633696783254,261.8599104984272
290.05964424516435,144.85585868183475
259.70205285260096,254.5215753809405
263.8256749659058,284.6790520287636
273.8312932044017,279.50760096820454
285.67769619181456,270.22627337643473
120.86711878912884,225.24958476842616
241.2605130235876,280.3712505553516
237.5983241918046,277.5592048944568
243.27812231114174,264.71068609596637
251.1374651574498,260.65374092971126
277.4965309124881,267.5374905041763
245.1342583202949,258.50328891152583
252.66140489748244,266.5242686211507
237.7479328713039,270.1230578027759
241.56795324226746,251.47774885066804
270.2094616232708,267.41760513598246
269.02219432270016,277.0548515218897
274.1484355387937,263.59551857998724
293.5502482535725,290.17093910097725
275.39441371978336,247.62008442373102
223.63272291660843,297.5561949312037
312.31291446482015,260.58853570552094
253.25476954924514,256.59481264374404
259.02831590878804,263.2806669285836
247.57133886868942,256.4511288538895
229.13838550558773,271.50619323336076
265.1943293346684,269.56241466058856
269.3712630719683,294.6575784748128
263.939147326872,271.32705299132294
257.38884334946096,254.5006019334354
293.69409970371805,291.9530480024941
248.32342140800262,279.1945430557141
15.85173609752141,275.49783071431136
264.3360114177143,260.1099837400585
263.62836600766855,249.51302421168916
258.53985680863155,275.22111970969763
199.46723170623383,237.5129924434828
241.88384191605041,273.2322438718103
273.1817164199358,291.68774038832987
268.88100605662015,265.80229792585226
302.43984746806143,271.9849409049632
261.65708156953536,261.51382351049904
282.11693234350525,283.0815666975161
241.78207076465958,279.0431783593441
213.74530633408557,252.0325483982387
291.06868349958484,283.16994455235294
288.2630237165528,266.60951327643994
286.1093124084766,276.00137425209437
295.3501712351,278.3977647626404
236.35925691904927,274.19992493381244
273.34492832261685,271.93909232742465
273.18210306984787,224.67819587804422
232.76551416277928,260.9733297010455
320.07812488085995,253.52870592463825
245.16366810371497,232.4674279729065
281.66010028245444,282.35122458652114
296.02592068774004,252.2180058905692
294.1747473745537,244.83070232967052
293.95203107871464,272.0956572468614
214.0091816644907,217.012165970774
280.32887746611914,283.1466181281171
277.84015762627683,294.3204866810181
285.5127576881381,277.5040816836781
278.93728152760673,288.5084744397283
205.54082273641282,268.93389707641086
251.243086920798,273.1691250007434
260.1715258778395,260.0881534655148
296.4259541874542,251.64273770014657
279.993115523697,265.53828851701553
265.3458853275243,279.11930182517403
110.41545784563759,279.14704305067164
275.14278891324113,284.4269290536936
219.95191806519279,274.89678305796826
275.5277979927596,280.67927294947094
260.00433095815936,288.59467530427804
286.0032076597522,277.2227062205005
263.10704118544254,301.4322656530509
264.06138371088986,283.08151554862377
275.47005590326376,254.19279478486382
282.2723730556667,28.621874635726307
185.37538602047195,297.6995717499053
244.8091108782458,288.32756566199544
238.96201942458418,254.4767295664143
225.92168070282932,205.4841368164918
272.7677601576114,291.9821387891584
131.81014551572295,256.1756640738727
262.774181905141,277.56267589509423
235.9226677826344,294.45708175264815
299.52279082626126,271.3490475724185
290.8271978817163,292.68057699373026
266.9269413135846,297.73165286940844
280.9384572605241,279.90862016460426
270.4011540954233,273.7665649017429
230.43076800796294,288.4429752117438
247.2967464631663,270.970043439944
256.8778753661536,286.43858952476234
280.9949688463096,285.81603041210155
257.1469156179802,252.5969568439881
290.4892524518943,263.9988976169339
249.74372972519544,279.661019016817
265.57168890093646,263.93695955842975
298.7818842989635,300.40320707321234
295.02977773074844,258.36184451388476
245.9312681523933,267.259289482193
262.390557182835,284.81669539419437
252.5799245143482,249.0583136026644
271.376165589385,261.3664065190703
245.787868899638,264.5966796417082
253.86416946524608,284.1940116791036
263.4914903539956,262.7249487311401
209.77856050364184,280.20482936365937
277.9153112071449,242.095751817065
263.26744718415796,284.97722642489504
307.00933877653017,209.86770199552973
266.4018779751535,261.76561272723995
220.61950887027803,292.45987849171644
248.12236384562004,270.3713217623395
294.4876697631438,260.3232381895532
256.69942975356565,287.98673707044645
274.4467395662402,275.1795147850976
29.38311274338218,298.37605784087
254.15055584865956,258.9958533461824
306.6461654520197,265.96623098025555
297.56477595380795,273.48869235298247
250.26253175319653,253.96692794007993
257.0277520543981,274.5499787128268
286.9726248937779,290.61324517639093
299.66059839662194,261.37150971313287
277.83717180280445,296.763734272395
237.20439087211827,287.7792548043847
297.19828867170907,303.95449728369886
275.51353142131194,287.3435793425941
263.17215822165423,267.5700509764082
-122.98300832023958,264.78252354594406
203.08282203633175,310.51637820969825
244.94936782103073,278.3576476535352
283.93678518957415,123.49711948481172
244.0228576616521,266.8820372226669
260.53888789857507,259.7433369552426
246.187343899937,296.3885186268541
300.05780417530264,283.4371437491686
267.36805372724393,287.4439843858901
268.8688240998231,284.1357855080297
271.9495309976786,231.13969943264647
270.2614838782428,242.03299296992296
276.2900730689519,249.55293242644228
262.9929257191054,270.2165133673144
303.72623563055384,295.24909262858836
285.5719842947116,266.7615718310019
249.07808937845797,251.63960588994001
263.10154038123096,269.1605425786828
261.1428220779113,276.3923305692035
301.8232926666116,277.5929736529824
309.82963246558637,286.10606186128587
289.20009519543686,282.41122541618233
281.42523604050064,276.4877721887996
234.3973617024696,258.044231324139
208.19682240125317,272.4553198365481
248.7413780978276,267.4737945570821
273.4842821437784,285.36151694131456
252.10693624274623,278.9909586118073
297.4770635485392,277.14932914022006
316.1548897268742,270.26217462450643
212.194776528491,256.2337702695794
263.874918511867,274.4747009520753
252.46224560678695,289.7225425689212
136.5812615183592,257.03465194238277
295.2658159395806,266.4524637221089
269.71564946743536,280.48715438934255
265.9212885251728,273.69647754948
251.91337867437332,274.20642637682624
206.36947395525482,278.5336309145988
234.51367146017773,272.5391996452107
303.77525607340544,283.3095210917661
228.17302648287492,163.86119495512207
291.25910763951094,267.99218919655476
304.33899427945613,264.78459188383715
287.3783923003266,253.5510089455225
282.5531558095187,279.74359869474483
256.124939433701,293.190713578845
277.43652819425466,285.8028106409753
145.97183797033438,277.8997377219564
-121.4220094398432,261.23938183786856
-133.29225197496174,291.3351628633267
-112.86778705370584,294.3846371641298
-138.62634917838042,269.21412497396744
198.44501078451103,298.2766513923237
130.99637384765808,289.84543908686203
152.61853232533738,261.30275520375994
261.98840914274933,139.41641812426246
196.48003049393813,265.7049866088887
297.90995987633096,267.0131238906356
233.49622287666276,273.84161909666705
266.47685263444964,245.47106059642493
274.5354762596602,269.57833625500473
289.6623487874997,263.34049472986214
274.3947083055492,284.0703185324983
271.06485739466905,267.64545763730837
257.8113278820192,275.8030098158322
251.84005003704453,289.38315682078644
278.58729230410233,282.04911840614307
260.8478630043112,240.08250470423462
284.8975346758622,264.3607139342513
40.62232471178041,246.13156337255285
240.25477872249053,258.7541765070258
299.00418269357465,285.3267729641791
266.23191271435144,168.99246398805477
229.0030090610278,284.5143948072919
263.4616291508562,269.63685018928766
260.3173427042084,276.63535263000466
8.156630883450417,299.7660343647414
289.44614557599635,277.6191643550259
256.9392925568341,285.73625111607294
274.80537696475466,282.7691243534473
278.5122936797968,254.56848976643678
271.6805276907991,275.84687447842134
271.6527495157102,273.193650643528
280.2425418949692,293.19364436491776
220.5731794988106,261.5697388762963
303.0212965305309,296.0721297687345
274.0186274454405,259.4625392611934
276.20610154176137,283.39302680785636
238.25714012269432,250.22787158568968
289.4457063577437,276.6350399590591
247.8265540660759,269.18754596013264
280.15473117442184,304.3505162017525
281.21548132069864,275.54194454628225
259.5815421685311,304.4629809703207
286.2050602927915,167.3415997816517
238.5802821552147,305.03272377995927
274.24198665362564,311.6397798589446
250.7808311187103,261.98825560956107
282.56103373298737,296.33750682116437
297.51352061960637,285.04731271959366
220.0781483837312,274.7089163597077
277.3641769092404,296.04868279556257
271.92463188311666,273.70590464571814
298.60181492215474,290.69039491014354
244.21072603257068,112.83200954035804
269.7231866835946,293.73594380536474
228.02499974564063,275.71947707174604
287.1008023572618,317.32409792381986
261.14176395441706,278.92342565208594
253.39385378651087,306.8749094847233
228.57248433154186,298.47334752575443
275.489816064732,290.4694845295179
233.455470425242,294.9718193727575
265.2801623705344,291.12839717243526
278.13899781216213,302.0974819312615
279.1247957664407,278.30394280877704
257.9648106662599,252.120316119344
304.61690510326025,253.55689349424992
115.91443357180631,305.31142422577204
266.233744115502,256.4996541966233
270.51958654771704,254.65622061239833
320.9457052661358,250.20445151686536
260.98592439051566,291.01601010291836
237.78838950362285,272.5360317540644
264.7979955425055,254.66821609350055
286.2922094949191,275.34336229745116
290.10284088540607,270.99253689023635
303.33351796660287,278.093541816318
258.50220608330875,255.85863560631265
281.2217157993846,290.7101013703981
250.17706943057362,266.266829889164
298.5649204733961,301.3040819309506
272.70326299638674,306.2777279859547
281.24585666302164,268.3537046680932
289.73456755092457,284.15148841200823
265.6458368518089,273.32969421251767
239.35219608210517,244.93267680547737
277.04584894460237,276.4733350348873
282.5838542313244,286.6989188054523
238.20142124606187,279.58357992826666
286.1377250097871,256.1609670460237
273.01557935790333,292.93045445670185
262.3519176567109,286.8200263925281
267.63645198931283,305.9483547305275
239.35100292862617,257.59100825792564
253.6883418661697,267.66664599512717
155.39409304961814,280.09354863936875
222.2170812492806,266.66552334197604
247.2230611645809,277.4477082468623
263.49397032640246,250.3682354205605
240.20108447002332,269.5240521569749
269.46427382717457,257.68932195125865
305.8710135852736,274.3546146598544
249.16061570252361,261.48166336307474
258.63106328672865,308.1612555964746
173.5518483621999,295.4435291582424
211.55521447712545,225.85512110609955
260.12003463152485,273.13208245742675
256.02054454983886,237.7617679348451
208.99258483960648,249.86271258135798
240.93930902746612,279.611503357931
242.60962073638157,267.41887698669393
257.204793481533,253.86992600364061
241.2080846735473,249.16634180393606
283.5979044544022,242.42093485308365
284.50925368058984,267.8169717351202
264.94223958739343,279.6955534818308
293.6794547096697,240.632523666576
283.3913928502753,257.4545590288435
275.5131956355525,292.0378236774038
230.0789310822307,285.6239960077272
264.57879271486945,243.95594417073022
300.9662385563579,272.5890020074303
269.4150427408686,295.3261954954281
291.9174273355843,277.9438468382201
257.475704048803,249.52450184499835
263.4968639540741,267.50021981647114
233.30592150613862,282.3848419600188
284.5613655782892,260.95022086259337
242.18015634746376,250.0560457068509
248.6320436773269,294.96427320956326
153.06264457310328,248.90267830956347
300.6516575395258,275.9761145982963
253.6607396850686,260.4146418397677
257.55074277613585,270.4177488618926
266.1849373595005,262.7304203177425
222.89755934470455,281.669422442375
292.95402083312314,277.2587449893444
281.63226629103826,287.4777269863319
283.93920693822224,241.2713699204794
256.1604245149049,248.58441703289245
260.68673466306325,237.39559421827462
263.97777543620515,264.55221550892225
280.2159057402897,291.82714809759466
258.90403238441377,275.1541671229126
302.76874731138884,288.2966141739596
262.52714485021863,113.13023077135323
255.5075083081122,249.64758705275494
271.46006837307567,250.67086413828758
233.77399208993612,250.63146240975908
208.96287314038452,257.60559205843447
274.1559903224856,274.9247297937128
292.2038302540524,270.4287826024057
268.4305609504834,266.2492907772064
303.8652868537407,272.30047317879314
285.7935189219312,298.1232946729517
297.4378374539554,274.9497386806237
259.30266317604577,253.17243274660035
276.3022727865756,274.1423734511737
303.76967314005617,225.34535014805977
252.43954703645903,242.41752232518144
250.75529448843517,275.21256023949604
12.454465536713982,306.6163318021048
225.09338641500688,301.7925264108543
248.63482207956287,280.32058785244647
272.54745084620134,260.30466955225063
271.6512511033313,294.8638000252218
-17.228016641120007,252.0275344771765
-207.65544230877876,285.7242574699576
-19.318940834221422,294.0939154399259
-32.103165556633414,266.7270554797583
290.30508364271685,269.9795179491901
269.59350831238464,271.685708290752
278.6029099071444,255.31873715843577
222.54747682425685,297.28756199667646
284.29215866369805,237.86104399255652
300.2586161014195,295.3778395865616
234.77113374599847,263.25279133271476
234.46182485088832,257.7893800356593
291.36473478937,241.35396092229547
232.09945906797537,299.80436369447546
247.2952871537773,253.18381793380186
274.3564635169587,263.00806630745717
257.9197631433421,249.77942808851685
238.50361330275788,283.3095880015795
255.46160709546712,181.37379880142709
288.3907705308169,287.7372005011892
261.5841420536577,268.56357868425744
289.5374932091481,281.4091099202003
260.59547206386617,256.12387369828764
267.9513059475111,299.68268979314064
261.9585666920921,291.4241128364682
282.0759824264971,263.0483692753077
304.10256932791697,249.57796631102957
250.34332619282242,287.05091337384204
262.00494719308324,252.3809771852923
263.8408623821226,295.4952175203705
266.2177325350119,255.28490934713997
244.70474039239122,246.43106878261236
245.7335698055516,259.77772512115564
296.17771256384134,288.5641940990872
236.35248298112973,270.37644061411163
249.9955090355322,285.3354762151313
276.47188858029426,266.7791647412295
236.32642896817214,270.19392241555977
268.79835054129984,278.7720106735791
308.02340790252066,262.61554809185753
251.1261088063248,267.61341283365545
269.01799149216583,264.68162677342167
281.1393947411982,278.3040516997287
266.2054467587242,250.8200243293804
308.7279932840613,276.2022772907312
282.46646392981154,269.7002555985607
-39.94937584937702,249.13630799566695
278.21260956330025,238.5398004561709
269.4062838096067,237.0369864757787
266.81056392587675,275.003927028373
243.3590558345171,254.12054714541975
263.7641330077908,296.6892926509544
238.06435027013885,277.0443214089182
284.59126346548686,277.929641151453
234.34165357654445,287.2328499950337
305.25986166791216,291.666142822049
266.64361786419727,251.82302215360394
283.1827375908425,259.6672853157979
245.54265574812663,283.35950458238597
276.3670804535915,256.7214121966032
265.4406759160589,295.384812522704
264.47886475416215,288.0918217570364
236.08936032075906,245.5696857966742
270.7580523936832,250.56538359359425
254.48148958132614,290.4614827543017
275.57017646829496,290.1511827230821
282.526692879304,263.60130270861544
302.000312668977,246.61949878059912
258.7425076764191,248.79474154048006
260.50475412832503,285.5393368656545
288.2168499358747,255.55643320256755
273.52785448316024,281.4088370101628
245.50638930857463,248.8496217694156
269.69121577861824,258.8198080188268
269.8301279868383,226.27708361113008
308.1346170906673,82.67805938464697
273.1040818563622,254.97135868607333
118.09220922327307,244.37813698204118
294.73225847783164,277.04843527730486
294.63170850177517,271.0719331893912
285.29925458695027,304.6512417338861
240.3690496343674,159.4010290069181
276.9016736874288,272.2220336837357
280.07791965887907,245.30945922455197
278.1041866781735,273.50372968578483
268.6554119614394,290.11161954573925
258.4048493539175,254.34994030291261
276.93358697202547,244.54223548768286
242.83526716591928,289.23519897444726
278.3298942199956,273.42330997023373
273.20913428014524,277.9045821822011
250.25640640855147,245.2360309092966
225.10223762303397,240.57039899522434
316.92365500228533,253.20201637778112
280.7689404488712,253.59226314292104
284.63261778626037,262.4825255206523
179.87014871645292,266.690653885145
279.9667429765532,270.537590869113
284.1941148284943,168.86065251283955
293.5104152175939,247.99133078256298
259.45544271948535,252.0684064008928
297.42753466379247,260.8239266635586
301.3805164242484,52.43546921072205
279.19056610918966,-22.228302119955927
278.13440632707284,272.067504788591
254.74046369166507,27.822243241273355
278.2606778559013,278.92710368943904
243.15249126060783,279.842539858015
278.4190472400584,278.7479745903343
249.15111245615847,136.56003323370635
243.3192325648193,261.8065790327895
246.04322650708409,292.1755756427926
252.04617960987545,246.8073009045808
256.26746151826427,272.3387276438915
258.520520494464,248.89823573450522
279.9697367892109,263.0822161104234
240.11918607819214,263.1752681903216
285.0217189285148,270.83534633898444
267.0930381733966,257.7851246754042
286.59729726389196,242.1582227620042
239.6887114334933,296.04064068591583
244.02159647509805,288.53631480790034
213.38203780739812,249.8698899999701
232.75584553717133,265.05929089435875
304.69923840628337,7.774797059138123
275.4170844018289,275.16337066500955
147.94588772373967,285.6024776730559
259.9383638148969,283.3030396359841
321.2625806976134,256.75974199673254
302.9181332107261,311.12262378001606
283.1632250156638,285.53715148824443
310.6042301534975,283.4081841240165
281.7667763471952,282.51701998596303
287.01030839359186,269.4826274258448
282.25443072721794,263.0080452402562
286.6843707863626,285.6177093885627
259.07152062609475,270.11716441621365
286.7620839604929,284.32522615415985
273.01627691785154,304.4836249804845
278.10445279448743,261.22082904450104
288.03415305515955,281.53446269674276
263.6987036031129,272.99908685630186
260.75159747949556,305.8766627089609
260.49294823092083,266.67222900783577
298.010882771334,291.89478885330584
304.2592203197254,286.9778795135521
259.993646548417,287.35749555240426
252.6277631512664,296.8659420323887
281.30342631653104,259.1979324649403
253.61791827627448,269.3021816521938
279.23569072865126,290.26627429492
260.5669831749707,269.1460327279421
244.59527077930755,269.6114553592753
264.8002205272778,280.99101729310996
302.70432892621665,273.1604818060097
275.8508160413697,266.12235630627356
282.75487230126265,250.17760356773894
265.2085174438793,244.80270102752587
224.88800097160197,281.15260951742914
252.13758006710583,256.67297502897804
